{"cameraMode":{"drawMode":0,"name":"Shaded","section":"Shading Mode"},"sceneLighting":false,"audioPlay":false,"sceneViewState":{"m_AlwaysRefresh":false,"showFog":true,"showSkybox":false,"showFlares":true,"showImageEffects":true,"showParticleSystems":true,"showVisualEffectGraphs":true,"m_FxEnabled":true},"in2DMode":false,"pivot":{"x":1.1378657817840577,"y":-0.3681785464286804,"z":1.9959816932678223},"rotation":{"x":-0.05727444216609001,"y":-0.01138376910239458,"z":0.0006528830854222179,"w":-0.9982965588569641},"size":2.090562343597412,"orthographic":true}